Workbook

Sheet Overview
A1: Pharmaceutical AI Platform – 2-Week Sprint Plan (Krishna & Nivas)
A2: Phase 0 "Align & prepare" + platform foundation, then start of Phase 1 "Trusted research foundation" (PRD §15)
A4: Project details
A5: Project | B5: Pharmaceutical AI Platform – evidence-grounded R&D assistant (per PRD)
A6: Sprint 1 start | B6: 46321 | C6: Input – all schedule dates (Daily Schedule, Gantt headers) flow from this cell
A7: Sprint 1 end | B7: =WORKDAY(B6,4) -> 46325
A8: Sprint 2 start | B8: =WORKDAY(B7,1) -> 46328
A9: Sprint 2 end | B9: =WORKDAY(B8,4) -> 46332
A10: Team | B10: Krishna – backend / AI / data (ingestion, retrieval, LangGraph, DB) • Nivas – frontend / platform / DevOps (UI, auth, CI/CD, containers, audit UI)
A11: Target stack | B11: Open-source on-premises candidates (PRD §12.2): React/Vite, FastAPI, Keycloak, PostgreSQL/pgvector, Tika/Tesseract, Sentence Transformers, LangGraph, vLLM, Podman. Azure equivalents (§11) if selected [confirm with client].
A13: Sprint | B13: Dates | C13: Sprint goal | D13: Demo / exit check | E13: Key PRD requirements | F13: Tasks (#)
A14: Sprint 1 | B14: =TEXT(B6,"d mmm")&" – "&TEXT(B7,"d mmm yyyy") -> 26 Oct – 30 Oct 2026 | C14: Phase 0 "Align & prepare" + platform foundation: repo/CI, Podman dev environment, React/Vite UI shell, FastAPI skeleton, SSO (Keycloak or Entra ID [confirm with client]), PostgreSQL/pgvector schema, audit log baseline, project/role-based authorization. | D14: Login via SSO → UI shell → authorized API call → audit entry visible; negative authorization tests green in CI. | E14: FR-01, FR-02, FR-03, FR-30, NFR-01, NFR-02, NFR-07 | F14: =COUNTIF('Sprint Backlog'!$B$4:$B$32,A14) -> 15
A15: Sprint 2 | B15: =TEXT(B8,"d mmm")&" – "&TEXT(B9,"d mmm yyyy") -> 2 Nov – 6 Nov 2026 | C15: Start Phase 1 "Trusted research foundation": document ingestion (Tika/Tesseract or Document Intelligence), chunking + embeddings, hybrid retrieval, evidence Q&A with citations/provenance via LangGraph with human-review gate, scientist UI question → cited answer, tests. | D15: Ingest approved document → ask question → cited answer with provenance → review gate → audit trail, demoed to scientists. | E15: FR-04, FR-05, FR-06, FR-08, FR-10, FR-11, FR-12, FR-28, NFR-06, NFR-10, NFR-12, NFR-13 | F15: =COUNTIF('Sprint Backlog'!$B$4:$B$32,A15) -> 14
A17: Developer | B17: Sprint | C17: Focus area | D17: Capacity (h) | E17: Planned (h) | F17: Utilisation
A18: =Capacity!A11 -> Krishna | B18: =Capacity!B11 -> Sprint 1 | C18: Backend, AI & data – FastAPI, schema, authorization, audit, ingestion, retrieval, LangGraph | D18: =Capacity!C11 -> 30 | E18: =Capacity!G11 -> 25.25 | F18: =Capacity!H11 -> 0.84166667
A19: =Capacity!A12 -> Nivas | B19: =Capacity!B12 -> Sprint 1 | C19: Frontend, platform & DevOps – CI/CD, Podman, UI shell, SSO, audit UI, Q&A UI, E2E tests | D19: =Capacity!C12 -> 30 | E19: =Capacity!G12 -> 25.25 | F19: =Capacity!H12 -> 0.84166667
A20: =Capacity!A13 -> Krishna | B20: =Capacity!B13 -> Sprint 2 | C20: Backend, AI & data – FastAPI, schema, authorization, audit, ingestion, retrieval, LangGraph | D20: =Capacity!C13 -> 30 | E20: =Capacity!G13 -> 25.25 | F20: =Capacity!H13 -> 0.84166667
A21: =Capacity!A14 -> Nivas | B21: =Capacity!B14 -> Sprint 2 | C21: Frontend, platform & DevOps – CI/CD, Podman, UI shell, SSO, audit UI, Q&A UI, E2E tests | D21: =Capacity!C14 -> 30 | E21: =Capacity!G14 -> 24.25 | F21: =Capacity!H14 -> 0.80833333
A24: Ceremony | B24: When | C24: Purpose / agenda | D24: Who | E24: Timebox | F24: Hours / sprint
A25: Sprint planning | B25: Monday 10:00 | C25: Agree sprint goal, pull and estimate backlog items, confirm owners and dependencies. | D25: Krishna, Nivas (+ product owner) | E25: 2 h | F25: ='Sprint Backlog'!J4 -> 2
A26: Daily stand-up | B26: Mon–Fri 09:30 | C26: Yesterday / today / blockers; update Status in the backlog. | D26: Krishna, Nivas | E26: 15 min | F26: ='Sprint Backlog'!J5 -> 1.25
A27: Sprint review / demo + retrospective | B27: Friday 14:00–16:00 | C27: Demo working increment to stakeholders/scientists; retro: keep / improve / try; refine next backlog. | D27: Krishna, Nivas, stakeholders | E27: 1 h demo + 1 h retro | F27: ='Sprint Backlog'!J18 -> 2
A29: Type | B29: ID | C29: Assumption / risk / dependency | D29: PRD link | E29: Impact & mitigation | F29: Needed by
A30: Dependency | B30: D-01 | C30: Client approval of authorized sources (regulatory, licensed literature, internal documents) for ingestion | D30: FR-04, R-04, §17.3 | E30: Blocks real-document ingestion in Sprint 2; mitigate with approved public/sample documents and record authorization basis per item. | F30: 46325
A31: Dependency | B31: D-02 | C31: Language model selection and licence approval (open-weight via vLLM, or Azure OpenAI) | D31: NFR-15, NFR-21, R-08 | E31: Needed for S2-09; build behind a model adapter and use a licence-cleared local dev model until approval. | F31: 46328
A32: Dependency | B32: D-03 | C32: ELN / LIMS access – read-only APIs or exports and data-owner approval | D32: FR-09, R-05, §17.3 | E32: Not needed in Sprints 1–2; request now so Phase 3 integration is not delayed. | F32: 46332
A33: Dependency | B33: D-04 | C33: Identity provider choice: Keycloak vs Entra ID [confirm with client] | D33: FR-02, NFR-01 | E33: Needed for S1-09; implement generic OIDC with a Keycloak dev realm so switching is configuration only. | F33: 46322
A34: Assumption | B34: A-01 | C34: Each developer has ~6 focus hours/day for 5 days per sprint; plan loaded to ~80–85% to absorb unknowns. | D34: — | E34: If capacity drops, defer Should items (S1-12, S1-14, S2-11, S2-13) first. | F34: 46321
A35: Assumption | B35: A-02 | C35: A scientist/SME joins the Sprint 2 demo and reviews sample cited answers. | D35: NFR-12, NFR-13 | E35: Without SME review the human-review gate is demoed with test reviewers only. | F35: 46332
A36: Assumption | B36: A-03 | C36: Development runs on Linux + Podman in a non-production environment; no regulated data in dev. | D36: NFR-04, NFR-22 | E36: Use synthetic or approved public documents; production hardening is out of scope for these sprints. | F36: 46321
A37: Risk | B37: R-01 | C37: LLM produces unsupported or inaccurate statements | D37: R-01, FR-11, NFR-13 | E37: Citation validation step, uncited-claim flagging and mandatory human review gate (S2-09, S2-10). | F37: 46332
A38: Risk | B38: R-02 | C38: Confidential content leaks via retrieval or model context | D38: R-02, FR-10, NFR-06 | E38: Authorization filters applied in SQL before model access; leakage test suite (S2-12). | F38: 46332
A39: Risk | B39: R-03 | C39: OCR / extraction errors enter answers | D39: R-03, FR-05, FR-07 | E39: Record extraction uncertainty now; scientist verification queue (FR-07) planned for the next sprint. | F39: 46332

Sheet Sprint Backlog
A1: Sprint Backlog – Pharmaceutical AI Platform (Sprints 1–2)
A2: Est. hours are per person; tasks owned by "Both" count in full for each developer. Status options: Not started / In progress / Blocked / Done.
A3: ID | B3: Sprint | C3: Epic | D3: User story / task | E3: Description | F3: Linked PRD req | G3: Owner | H3: Priority | I3: Story points | J3: Est. hours | K3: Start date | L3: End date | M3: Status | N3: Acceptance criteria / Definition of done | O3: Dependencies
A4: S1-01 | B4: Sprint 1 | C4: Sprint ceremonies | D4: Sprint 1 planning & PRD walkthrough | E4: Walk through PRD sections 8, 9, 11-12 and 15; agree Sprint 1 goal, task breakdown, estimates and Definition of Done. | F4: PRD §15 Phase 0 | G4: Both | H4: Must | I4: 0 | J4: 2 | K4: 46321 | L4: 46321 | M4: Not started | N4: Sprint goal agreed; all S1 tasks estimated and owned; DoD (code reviewed, tests in CI, docs updated) agreed. | O4: None
A5: S1-02 | B5: Sprint 1 | C5: Sprint ceremonies | D5: Daily stand-ups (5 × 15 min) | E5: 15-minute daily stand-up at 09:30: progress, plan, blockers; update Status column. | F5: — | G5: Both | H5: Must | I5: 0 | J5: 1.25 | K5: 46321 | L5: 46325 | M5: Not started | N5: Stand-up held each day; blockers logged on the board within the day. | O5: None
A6: S1-03 | B6: Sprint 1 | C6: Phase 0 – Align & prepare | D6: Phase 0 alignment: scope, sources, access & success criteria | E6: Confirm users, product scope, data owners, approved sources, identity provider, model licence route and success measures; log decisions and open items for the client. | F6: FR-04, NFR-15, NFR-21, PRD §15 Phase 0 | G6: Both | H6: Must | I6: 2 | J6: 2 | K6: 46321 | L6: 46322 | M6: Not started | N6: Decision log shared with client; open questions (IdP, model licence, source approval, ELN access) have owners and due dates. | O6: Client stakeholder availability
A7: S1-04 | B7: Sprint 1 | C7: DevOps & CI/CD | D7: Repository, branching & CI pipeline | E7: Mono-repo (ui/, api/, infra/), branch protection, PR template; CI runs lint, unit tests, build and secret scanning on every PR. | F7: NFR-03, NFR-21 | G7: Nivas | H7: Must | I7: 2 | J7: 3 | K7: 46321 | L7: 46322 | M7: Not started | N7: PR to main blocked unless CI green; secret scan finds no secrets; dependency licence report generated. | O7: None
A8: S1-05 | B8: Sprint 1 | C8: Platform foundation | D8: FastAPI backend skeleton | E8: FastAPI service with layered structure (routers, services, repositories), settings, health/readiness endpoints, OpenAPI docs and structured logging with OpenTelemetry hooks (redacted). | F8: FR-01, NFR-20, NFR-22 | G8: Krishna | H8: Must | I8: 3 | J8: 4 | K8: 46321 | L8: 46322 | M8: Not started | N8: /health and /ready return 200 in container; OpenAPI published; unit tests ≥ 80% on skeleton; no sensitive content in logs. | O8: S1-04
A9: S1-06 | B9: Sprint 1 | C9: DevOps & CI/CD | D9: Podman dev environment | E9: Podman compose for API, PostgreSQL + pgvector, Keycloak, Nginx reverse proxy and Tika; one-command start with seed data and .env template. | F9: NFR-18, NFR-22 | G9: Nivas | H9: Must | I9: 2 | J9: 3 | K9: 46322 | L9: 46323 | M9: Not started | N9: `make up` starts all services on a clean Linux host in < 10 min; README documents setup; no credentials committed. | O9: S1-04
A10: S1-07 | B10: Sprint 1 | C10: Data & audit | D10: PostgreSQL/pgvector schema v1 + migrations | E10: Alembic migrations for projects, users/roles, memberships, sources, documents & versions, chunks (vector column + access metadata) and audit_events; SQLAlchemy models and scoped repositories. | F10: FR-06, FR-08, NFR-10 | G10: Krishna | H10: Must | I10: 3 | J10: 4 | K10: 46322 | L10: 46323 | M10: Not started | N10: Migrations run up/down cleanly in CI; pgvector extension enabled; ERD committed; repository tests pass. | O10: S1-05, S1-06
A11: S1-08 | B11: Sprint 1 | C11: Scientist UI | D11: React/Vite UI shell | E11: React + Vite + TypeScript app with routing, layout, navigation and placeholder views for Research & strategy, Trial verification and Report review; API client generated from OpenAPI. | F11: FR-01 | G11: Nivas | H11: Must | I11: 3 | J11: 4 | K11: 46323 | L11: 46324 | M11: Not started | N11: Three workspace views reachable from navigation; app builds in CI; accessible colour contrast; calls /health via API client. | O11: S1-04, S1-05
A12: S1-09 | B12: Sprint 1 | C12: Identity & access | D12: SSO integration (OIDC) – Keycloak or Entra ID [confirm with client] | E12: OIDC authorization-code + PKCE login in UI, token refresh/logout; Nginx/gateway rejects unauthenticated requests. Built IdP-agnostic; Keycloak realm in dev until client confirms provider. | F12: FR-02, NFR-01 | G12: Nivas | H12: Must | I12: 3 | J12: 4 | K12: 46323 | L12: 46324 | M12: Not started | N12: Unauthenticated calls return 401; login → token → API call works end to end; IdP choice recorded [confirm with client]. | O12: S1-03 (IdP decision), S1-06
A13: S1-10 | B13: Sprint 1 | C13: Identity & access | D13: Project & role-based authorization in API | E13: JWT validation in FastAPI; project membership and role (scientist, reviewer, admin) checks plus object-level guards on every endpoint via dependency injection. | F13: FR-03, NFR-02 | G13: Krishna | H13: Must | I13: 3 | J13: 4 | K13: 46323 | L13: 46324 | M13: Not started | N13: User with valid token cannot read/act on another project's objects (negative tests); roles enforced server-side, not only in UI. | O13: S1-07, S1-09
A14: S1-11 | B14: Sprint 1 | C14: Data & audit | D14: Audit log baseline | E14: Append-only audit_events (who, what, when, object, version, outcome) written by a service-layer decorator; kept separate from operational telemetry; UPDATE/DELETE revoked on table. | F14: FR-30, NFR-07, NFR-08 | G14: Krishna | H14: Must | I14: 3 | J14: 4 | K14: 46324 | L14: 46325 | M14: Not started | N14: Login, access and project actions produce audit rows; audit rows cannot be updated or deleted by app role; reconstruction query returns who/what/when. | O14: S1-07, S1-10
A15: S1-12 | B15: Sprint 1 | C15: Data & audit | D15: Audit log viewer (admin) – baseline UI | E15: Read-only admin page listing audit events with filters (user, project, action, date) and paging; visible to admin role only. | F15: FR-30, NFR-07 | G15: Nivas | H15: Should | I15: 1 | J15: 2 | K15: 46324 | L15: 46325 | M15: Not started | N15: Admin sees filtered audit events; non-admin receives 403; no edit controls exist. | O15: S1-08, S1-11
... A32: S2-14 | B32: Sprint 2 | C32: Sprint ceremonies | D32: Sprint 2 review/demo + retrospective | E32: Demo to scientists: ingest approved document → ask question → cited answer with provenance → review gate → audit trail; retro; refine Phase 1 backlog (verification queue FR-07 next). | F32: PRD §15 Phase 1 | G32: Both | H32: Must | I32: 0 | J32: 2 | K32: 46332 | L32: 46332 | M32: Not started | N32: Scientist feedback captured; retro actions recorded; next sprint backlog prioritised. | O32: All S2 tasks

Sheet Daily Schedule
A1: Daily Schedule – 10 working days (26 Oct – 6 Nov 2026)
A2: Dates flow from the Sprint 1 start date on Overview (working days only). Task IDs refer to the Sprint Backlog.
A3: Date | B3: Day | C3: Sprint | D3: Krishna – backend / AI / data | E3: Nivas – frontend / platform / DevOps | F3: Ceremony / milestone
A4: =Overview!$B$6 -> 46321 | B4: =TEXT(A4,"dddd") -> Monday | C4: =IF(A4<=Overview!$B$7,"Sprint 1","Sprint 2") -> Sprint 1 | D4: S1-01 Sprint planning; S1-03 Phase 0 alignment (sources, IdP, model licence); S1-05 FastAPI skeleton – layout, config, health endpoints | E4: S1-01 Sprint planning; S1-03 Phase 0 alignment; S1-04 repository, branching & CI pipeline (lint, tests, secret scan) | F4: Sprint 1 planning 10:00 (2 h); stand-up 09:30
A5: =WORKDAY(A4,1) -> 46322 | B5: =TEXT(A5,"dddd") -> Tuesday | C5: =IF(A5<=Overview!$B$7,"Sprint 1","Sprint 2") -> Sprint 1 | D5: S1-03 Phase 0 decision log; S1-05 OpenAPI, structured logging, OTel hooks; S1-07 start PostgreSQL/pgvector schema | E5: S1-04 CI pipeline complete; S1-06 Podman dev environment (API, Postgres/pgvector, Keycloak, Nginx, Tika) | F5: Stand-up; identity provider decision needed – Keycloak vs Entra ID [confirm with client]
A6: =WORKDAY(A5,1) -> 46323 | B6: =TEXT(A6,"dddd") -> Wednesday | C6: =IF(A6<=Overview!$B$7,"Sprint 1","Sprint 2") -> Sprint 1 | D6: S1-07 schema v1 + Alembic migrations; S1-10 start JWT validation & project/role authorization | E6: S1-06 dev environment complete; S1-08 React/Vite UI shell; S1-09 start OIDC SSO integration | F6: Stand-up; milestone: one-command dev environment ready
A7: =WORKDAY(A6,1) -> 46324 | B7: =TEXT(A7,"dddd") -> Thursday | C7: =IF(A7<=Overview!$B$7,"Sprint 1","Sprint 2") -> Sprint 1 | D7: S1-10 authorization middleware + object-level checks; S1-11 audit log baseline (append-only) | E7: S1-08 three workspace views; S1-09 SSO login, token refresh, gateway check; S1-12 start audit viewer | F7: Stand-up; milestone: login → authorized API call end to end
A8: =WORKDAY(A7,1) -> 46325 | B8: =TEXT(A8,"dddd") -> Friday | C8: =IF(A8<=Overview!$B$7,"Sprint 1","Sprint 2") -> Sprint 1 | D8: S1-11 audit baseline complete; S1-14 extraction & embedding spike; S1-15 demo & retro | E8: S1-12 audit viewer; S1-13 negative authorization tests in CI; S1-15 demo & retro | F8: Sprint 1 review/demo 14:00 + retrospective 15:00; client source approval due
A9: =WORKDAY(A8,1) -> 46328 | B9: =TEXT(A9,"dddd") -> Monday | C9: =IF(A9<=Overview!$B$7,"Sprint 1","Sprint 2") -> Sprint 2 | D9: S2-01 Sprint planning; S2-03 ingestion pipeline – upload/import API, Tika extraction, versioned originals | E9: S2-01 Sprint planning; S2-04 CI/CD container images + integration-test stage (pgvector, Tika) | F9: Sprint 2 planning 10:00 (2 h); model licence decision needed
A10: =WORKDAY(A9,1) -> 46329 | B10: =TEXT(A10,"dddd") -> Tuesday | C10: =IF(A10<=Overview!$B$7,"Sprint 1","Sprint 2") -> Sprint 2 | D10: S2-03 Tesseract OCR fallback, provenance & extraction uncertainty; S2-06 start chunking | E10: S2-05 document library UI (upload, status, versions) | F10: Stand-up
A11: =WORKDAY(A10,1) -> 46330 | B11: =TEXT(A11,"dddd") -> Wednesday | C11: =IF(A11<=Overview!$B$7,"Sprint 1","Sprint 2") -> Sprint 2 | D11: S2-06 chunking + embeddings into pgvector with access metadata; S2-07 start hybrid retrieval | E11: S2-05 library UI complete; S2-08 start scientist Q&A UI | F11: Stand-up; milestone: ingest → index flow working
A12: =WORKDAY(A11,1) -> 46331 | B12: =TEXT(A12,"dddd") -> Thursday | C12: =IF(A12<=Overview!$B$7,"Sprint 1","Sprint 2") -> Sprint 2 | D12: S2-07 hybrid retrieval, reranking & server-side filters; S2-09 LangGraph evidence Q&A workflow | E12: S2-08 Q&A UI with citation panel & gaps section; S2-10 human-review gate UI | F12: Stand-up; milestone: question → cited answer end to end
A13: =WORKDAY(A12,1) -> 46332 | B13: =TEXT(A13,"dddd") -> Friday | C13: =IF(A13<=Overview!$B$7,"Sprint 1","Sprint 2") -> Sprint 2 | D13: S2-09 checkpoints, review interrupt & audit events; S2-12 retrieval security & provenance tests; S2-14 demo & retro | E13: S2-11 audit view extensions; S2-13 end-to-end UI tests; S2-14 demo & retro | F13: Sprint 2 review/demo with scientists 14:00 + retrospective 15:00

Sheet Gantt
A1: Gantt – Sprint 1 & Sprint 2 task timeline by owner
A2: Legend | B2: Bars are driven by Start/End dates in the Sprint Backlog → | C2: Krishna | D2: Nivas | E2: Both | F2: Sprint 1 (26–30 Oct) | K2: Sprint 2 (2–6 Nov)
A3: ID | B3: Task | C3: Owner | D3: Start | E3: End | F3: ='Daily Schedule'!A4 -> 46321 | G3: ='Daily Schedule'!A5 -> 46322 | H3: ='Daily Schedule'!A6 -> 46323 | I3: ='Daily Schedule'!A7 -> 46324 | J3: ='Daily Schedule'!A8 -> 46325 | K3: ='Daily Schedule'!A9 -> 46328 | L3: ='Daily Schedule'!A10 -> 46329 | M3: ='Daily Schedule'!A11 -> 46330 | N3: ='Daily Schedule'!A12 -> 46331 | O3: ='Daily Schedule'!A13 -> 46332
A4: ='Sprint Backlog'!A4 -> S1-01 | B4: ='Sprint Backlog'!D4 -> Sprint 1 planning & PRD walkthrough | C4: ='Sprint Backlog'!G4 -> Both | D4: ='Sprint Backlog'!K4 -> 46321 | E4: ='Sprint Backlog'!L4 -> 46321 | F4: =IF(AND(F$3>=$D4,F$3<=$E4),$C4,"") -> Both | G4: =IF(AND(G$3>=$D4,G$3<=$E4),$C4,"") | H4: =IF(AND(H$3>=$D4,H$3<=$E4),$C4,"") | I4: =IF(AND(I$3>=$D4,I$3<=$E4),$C4,"") | J4: =IF(AND(J$3>=$D4,J$3<=$E4),$C4,"") | K4: =IF(AND(K$3>=$D4,K$3<=$E4),$C4,"") | L4: =IF(AND(L$3>=$D4,L$3<=$E4),$C4,"") | M4: =IF(AND(M$3>=$D4,M$3<=$E4),$C4,"") | ... O4: =IF(AND(O$3>=$D4,O$3<=$E4),$C4,"")
A5: ='Sprint Backlog'!A5 -> S1-02 | B5: ='Sprint Backlog'!D5 -> Daily stand-ups (5 × 15 min) | C5: ='Sprint Backlog'!G5 -> Both | D5: ='Sprint Backlog'!K5 -> 46321 | E5: ='Sprint Backlog'!L5 -> 46325 | F5: =IF(AND(F$3>=$D5,F$3<=$E5),$C5,"") -> Both | G5: =IF(AND(G$3>=$D5,G$3<=$E5),$C5,"") -> Both | H5: =IF(AND(H$3>=$D5,H$3<=$E5),$C5,"") -> Both | I5: =IF(AND(I$3>=$D5,I$3<=$E5),$C5,"") -> Both | J5: =IF(AND(J$3>=$D5,J$3<=$E5),$C5,"") -> Both | K5: =IF(AND(K$3>=$D5,K$3<=$E5),$C5,"") | L5: =IF(AND(L$3>=$D5,L$3<=$E5),$C5,"") | M5: =IF(AND(M$3>=$D5,M$3<=$E5),$C5,"") | ... O5: =IF(AND(O$3>=$D5,O$3<=$E5),$C5,"")
A6: ='Sprint Backlog'!A6 -> S1-03 | B6: ='Sprint Backlog'!D6 -> Phase 0 alignment: scope, sources, access & success criteria | C6: ='Sprint Backlog'!G6 -> Both | D6: ='Sprint Backlog'!K6 -> 46321 | E6: ='Sprint Backlog'!L6 -> 46322 | F6: =IF(AND(F$3>=$D6,F$3<=$E6),$C6,"") -> Both | G6: =IF(AND(G$3>=$D6,G$3<=$E6),$C6,"") -> Both | H6: =IF(AND(H$3>=$D6,H$3<=$E6),$C6,"") | I6: =IF(AND(I$3>=$D6,I$3<=$E6),$C6,"") | J6: =IF(AND(J$3>=$D6,J$3<=$E6),$C6,"") | K6: =IF(AND(K$3>=$D6,K$3<=$E6),$C6,"") | L6: =IF(AND(L$3>=$D6,L$3<=$E6),$C6,"") | M6: =IF(AND(M$3>=$D6,M$3<=$E6),$C6,"") | ... O6: =IF(AND(O$3>=$D6,O$3<=$E6),$C6,"")
A7: ='Sprint Backlog'!A7 -> S1-04 | B7: ='Sprint Backlog'!D7 -> Repository, branching & CI pipeline | C7: ='Sprint Backlog'!G7 -> Nivas | D7: ='Sprint Backlog'!K7 -> 46321 | E7: ='Sprint Backlog'!L7 -> 46322 | F7: =IF(AND(F$3>=$D7,F$3<=$E7),$C7,"") -> Nivas | G7: =IF(AND(G$3>=$D7,G$3<=$E7),$C7,"") -> Nivas | H7: =IF(AND(H$3>=$D7,H$3<=$E7),$C7,"") | I7: =IF(AND(I$3>=$D7,I$3<=$E7),$C7,"") | J7: =IF(AND(J$3>=$D7,J$3<=$E7),$C7,"") | K7: =IF(AND(K$3>=$D7,K$3<=$E7),$C7,"") | L7: =IF(AND(L$3>=$D7,L$3<=$E7),$C7,"") | M7: =IF(AND(M$3>=$D7,M$3<=$E7),$C7,"") | ... O7: =IF(AND(O$3>=$D7,O$3<=$E7),$C7,"")
A8: ='Sprint Backlog'!A8 -> S1-05 | B8: ='Sprint Backlog'!D8 -> FastAPI backend skeleton | C8: ='Sprint Backlog'!G8 -> Krishna | D8: ='Sprint Backlog'!K8 -> 46321 | E8: ='Sprint Backlog'!L8 -> 46322 | F8: =IF(AND(F$3>=$D8,F$3<=$E8),$C8,"") -> Krishna | G8: =IF(AND(G$3>=$D8,G$3<=$E8),$C8,"") -> Krishna | H8: =IF(AND(H$3>=$D8,H$3<=$E8),$C8,"") | I8: =IF(AND(I$3>=$D8,I$3<=$E8),$C8,"") | J8: =IF(AND(J$3>=$D8,J$3<=$E8),$C8,"") | K8: =IF(AND(K$3>=$D8,K$3<=$E8),$C8,"") | L8: =IF(AND(L$3>=$D8,L$3<=$E8),$C8,"") | M8: =IF(AND(M$3>=$D8,M$3<=$E8),$C8,"") | ... O8: =IF(AND(O$3>=$D8,O$3<=$E8),$C8,"")
A9: ='Sprint Backlog'!A9 -> S1-06 | B9: ='Sprint Backlog'!D9 -> Podman dev environment | C9: ='Sprint Backlog'!G9 -> Nivas | D9: ='Sprint Backlog'!K9 -> 46322 | E9: ='Sprint Backlog'!L9 -> 46323 | F9: =IF(AND(F$3>=$D9,F$3<=$E9),$C9,"") | G9: =IF(AND(G$3>=$D9,G$3<=$E9),$C9,"") -> Nivas | H9: =IF(AND(H$3>=$D9,H$3<=$E9),$C9,"") -> Nivas | I9: =IF(AND(I$3>=$D9,I$3<=$E9),$C9,"") | J9: =IF(AND(J$3>=$D9,J$3<=$E9),$C9,"") | K9: =IF(AND(K$3>=$D9,K$3<=$E9),$C9,"") | L9: =IF(AND(L$3>=$D9,L$3<=$E9),$C9,"") | M9: =IF(AND(M$3>=$D9,M$3<=$E9),$C9,"") | ... O9: =IF(AND(O$3>=$D9,O$3<=$E9),$C9,"")
A10: ='Sprint Backlog'!A10 -> S1-07 | B10: ='Sprint Backlog'!D10 -> PostgreSQL/pgvector schema v1 + migrations | C10: ='Sprint Backlog'!G10 -> Krishna | D10: ='Sprint Backlog'!K10 -> 46322 | E10: ='Sprint Backlog'!L10 -> 46323 | F10: =IF(AND(F$3>=$D10,F$3<=$E10),$C10,"") | G10: =IF(AND(G$3>=$D10,G$3<=$E10),$C10,"") -> Krishna | H10: =IF(AND(H$3>=$D10,H$3<=$E10),$C10,"") -> Krishna | I10: =IF(AND(I$3>=$D10,I$3<=$E10),$C10,"") | J10: =IF(AND(J$3>=$D10,J$3<=$E10),$C10,"") | K10: =IF(AND(K$3>=$D10,K$3<=$E10),$C10,"") | L10: =IF(AND(L$3>=$D10,L$3<=$E10),$C10,"") | M10: =IF(AND(M$3>=$D10,M$3<=$E10),$C10,"") | ... O10: =IF(AND(O$3>=$D10,O$3<=$E10),$C10,"")
A11: ='Sprint Backlog'!A11 -> S1-08 | B11: ='Sprint Backlog'!D11 -> React/Vite UI shell | C11: ='Sprint Backlog'!G11 -> Nivas | D11: ='Sprint Backlog'!K11 -> 46323 | E11: ='Sprint Backlog'!L11 -> 46324 | F11: =IF(AND(F$3>=$D11,F$3<=$E11),$C11,"") | G11: =IF(AND(G$3>=$D11,G$3<=$E11),$C11,"") | H11: =IF(AND(H$3>=$D11,H$3<=$E11),$C11,"") -> Nivas | I11: =IF(AND(I$3>=$D11,I$3<=$E11),$C11,"") -> Nivas | J11: =IF(AND(J$3>=$D11,J$3<=$E11),$C11,"") | K11: =IF(AND(K$3>=$D11,K$3<=$E11),$C11,"") | L11: =IF(AND(L$3>=$D11,L$3<=$E11),$C11,"") | M11: =IF(AND(M$3>=$D11,M$3<=$E11),$C11,"") | ... O11: =IF(AND(O$3>=$D11,O$3<=$E11),$C11,"")
A12: ='Sprint Backlog'!A12 -> S1-09 | B12: ='Sprint Backlog'!D12 -> SSO integration (OIDC) – Keycloak or Entra ID [confirm with client] | C12: ='Sprint Backlog'!G12 -> Nivas | D12: ='Sprint Backlog'!K12 -> 46323 | E12: ='Sprint Backlog'!L12 -> 46324 | F12: =IF(AND(F$3>=$D12,F$3<=$E12),$C12,"") | G12: =IF(AND(G$3>=$D12,G$3<=$E12),$C12,"") | H12: =IF(AND(H$3>=$D12,H$3<=$E12),$C12,"") -> Nivas | I12: =IF(AND(I$3>=$D12,I$3<=$E12),$C12,"") -> Nivas | J12: =IF(AND(J$3>=$D12,J$3<=$E12),$C12,"") | K12: =IF(AND(K$3>=$D12,K$3<=$E12),$C12,"") | L12: =IF(AND(L$3>=$D12,L$3<=$E12),$C12,"") | M12: =IF(AND(M$3>=$D12,M$3<=$E12),$C12,"") | ... O12: =IF(AND(O$3>=$D12,O$3<=$E12),$C12,"")
A13: ='Sprint Backlog'!A13 -> S1-10 | B13: ='Sprint Backlog'!D13 -> Project & role-based authorization in API | C13: ='Sprint Backlog'!G13 -> Krishna | D13: ='Sprint Backlog'!K13 -> 46323 | E13: ='Sprint Backlog'!L13 -> 46324 | F13: =IF(AND(F$3>=$D13,F$3<=$E13),$C13,"") | G13: =IF(AND(G$3>=$D13,G$3<=$E13),$C13,"") | H13: =IF(AND(H$3>=$D13,H$3<=$E13),$C13,"") -> Krishna | I13: =IF(AND(I$3>=$D13,I$3<=$E13),$C13,"") -> Krishna | J13: =IF(AND(J$3>=$D13,J$3<=$E13),$C13,"") | K13: =IF(AND(K$3>=$D13,K$3<=$E13),$C13,"") | L13: =IF(AND(L$3>=$D13,L$3<=$E13),$C13,"") | M13: =IF(AND(M$3>=$D13,M$3<=$E13),$C13,"") | ... O13: =IF(AND(O$3>=$D13,O$3<=$E13),$C13,"")
A14: ='Sprint Backlog'!A14 -> S1-11 | B14: ='Sprint Backlog'!D14 -> Audit log baseline | C14: ='Sprint Backlog'!G14 -> Krishna | D14: ='Sprint Backlog'!K14 -> 46324 | E14: ='Sprint Backlog'!L14 -> 46325 | F14: =IF(AND(F$3>=$D14,F$3<=$E14),$C14,"") | G14: =IF(AND(G$3>=$D14,G$3<=$E14),$C14,"") | H14: =IF(AND(H$3>=$D14,H$3<=$E14),$C14,"") | I14: =IF(AND(I$3>=$D14,I$3<=$E14),$C14,"") -> Krishna | J14: =IF(AND(J$3>=$D14,J$3<=$E14),$C14,"") -> Krishna | K14: =IF(AND(K$3>=$D14,K$3<=$E14),$C14,"") | L14: =IF(AND(L$3>=$D14,L$3<=$E14),$C14,"") | M14: =IF(AND(M$3>=$D14,M$3<=$E14),$C14,"") | ... O14: =IF(AND(O$3>=$D14,O$3<=$E14),$C14,"")
A15: ='Sprint Backlog'!A15 -> S1-12 | B15: ='Sprint Backlog'!D15 -> Audit log viewer (admin) – baseline UI | C15: ='Sprint Backlog'!G15 -> Nivas | D15: ='Sprint Backlog'!K15 -> 46324 | E15: ='Sprint Backlog'!L15 -> 46325 | F15: =IF(AND(F$3>=$D15,F$3<=$E15),$C15,"") | G15: =IF(AND(G$3>=$D15,G$3<=$E15),$C15,"") | H15: =IF(AND(H$3>=$D15,H$3<=$E15),$C15,"") | I15: =IF(AND(I$3>=$D15,I$3<=$E15),$C15,"") -> Nivas | J15: =IF(AND(J$3>=$D15,J$3<=$E15),$C15,"") -> Nivas | K15: =IF(AND(K$3>=$D15,K$3<=$E15),$C15,"") | L15: =IF(AND(L$3>=$D15,L$3<=$E15),$C15,"") | M15: =IF(AND(M$3>=$D15,M$3<=$E15),$C15,"") | ... O15: =IF(AND(O$3>=$D15,O$3<=$E15),$C15,"")
... A32: ='Sprint Backlog'!A32 -> S2-14 | B32: ='Sprint Backlog'!D32 -> Sprint 2 review/demo + retrospective | C32: ='Sprint Backlog'!G32 -> Both | D32: ='Sprint Backlog'!K32 -> 46332 | E32: ='Sprint Backlog'!L32 -> 46332 | F32: =IF(AND(F$3>=$D32,F$3<=$E32),$C32,"") | G32: =IF(AND(G$3>=$D32,G$3<=$E32),$C32,"") | H32: =IF(AND(H$3>=$D32,H$3<=$E32),$C32,"") | I32: =IF(AND(I$3>=$D32,I$3<=$E32),$C32,"") | J32: =IF(AND(J$3>=$D32,J$3<=$E32),$C32,"") | K32: =IF(AND(K$3>=$D32,K$3<=$E32),$C32,"") | L32: =IF(AND(L$3>=$D32,L$3<=$E32),$C32,"") | M32: =IF(AND(M$3>=$D32,M$3<=$E32),$C32,"") | ... O32: =IF(AND(O$3>=$D32,O$3<=$E32),$C32,"") -> Both

Sheet Capacity
A1: Capacity & Utilisation – Krishna and Nivas, Sprints 1–2
A2: Planned hours come live from the Sprint Backlog (SUMIFS). "Both" tasks count in full for each developer. Utilisation above the threshold turns red.
A4: Capacity inputs | B4: Value | C4: Unit / note
A5: Focus hours per day | B5: 6 | C5: h/day per developer
A6: Working days per sprint | B6: 5 | C6: days (Mon–Fri)
A7: Target load | B7: 0.8 | C7: of available hours (~80%)
A8: Over-allocation threshold | B8: 0.9 | C8: red above this
A10: Developer | B10: Sprint | C10: Available (h) | D10: Target (h) | E10: Own tasks (h) | F10: Shared "Both" (h) | G10: Planned (h) | H10: Utilisation % | I10: Buffer (h) | J10: Tasks (#) | K10: Load status
A11: Krishna | B11: Sprint 1 | C11: =$B$5*$B$6 -> 30 | D11: =C11*$B$7 -> 24 | E11: =SUMIFS('Sprint Backlog'!$J$4:$J$32,'Sprint Backlog'!$G$4:$G$32,A11,'Sprint Backlog'!$B$4:$B$32,B11) -> 18 | F11: =SUMIFS('Sprint Backlog'!$J$4:$J$32,'Sprint Backlog'!$G$4:$G$32,"Both",'Sprint Backlog'!$B$4:$B$32,B11) -> 7.25 | G11: =E11+F11 -> 25.25 | H11: =IF(C11=0,0,G11/C11) -> 0.84166667 | I11: =C11-G11 -> 4.75 | J11: =COUNTIFS('Sprint Backlog'!$G$4:$G$32,A11,'Sprint Backlog'!$B$4:$B$32,B11)+COUNTIFS('Sprint Backlog'!$G$4:$G$32,"Both",'Sprint Backlog'!$B$4:$B$32,B11) -> 9 | K11: =IF(H11>$B$8,"Over-allocated",IF(H11>=$B$7,"On target","Has buffer")) -> On target
A12: Nivas | B12: Sprint 1 | C12: =$B$5*$B$6 -> 30 | D12: =C12*$B$7 -> 24 | E12: =SUMIFS('Sprint Backlog'!$J$4:$J$32,'Sprint Backlog'!$G$4:$G$32,A12,'Sprint Backlog'!$B$4:$B$32,B12) -> 18 | F12: =SUMIFS('Sprint Backlog'!$J$4:$J$32,'Sprint Backlog'!$G$4:$G$32,"Both",'Sprint Backlog'!$B$4:$B$32,B12) -> 7.25 | G12: =E12+F12 -> 25.25 | H12: =IF(C12=0,0,G12/C12) -> 0.84166667 | I12: =C12-G12 -> 4.75 | J12: =COUNTIFS('Sprint Backlog'!$G$4:$G$32,A12,'Sprint Backlog'!$B$4:$B$32,B12)+COUNTIFS('Sprint Backlog'!$G$4:$G$32,"Both",'Sprint Backlog'!$B$4:$B$32,B12) -> 10 | K12: =IF(H12>$B$8,"Over-allocated",IF(H12>=$B$7,"On target","Has buffer")) -> On target
A13: Krishna | B13: Sprint 2 | C13: =$B$5*$B$6 -> 30 | D13: =C13*$B$7 -> 24 | E13: =SUMIFS('Sprint Backlog'!$J$4:$J$32,'Sprint Backlog'!$G$4:$G$32,A13,'Sprint Backlog'!$B$4:$B$32,B13) -> 20 | F13: =SUMIFS('Sprint Backlog'!$J$4:$J$32,'Sprint Backlog'!$G$4:$G$32,"Both",'Sprint Backlog'!$B$4:$B$32,B13) -> 5.25 | G13: =E13+F13 -> 25.25 | H13: =IF(C13=0,0,G13/C13) -> 0.84166667 | I13: =C13-G13 -> 4.75 | J13: =COUNTIFS('Sprint Backlog'!$G$4:$G$32,A13,'Sprint Backlog'!$B$4:$B$32,B13)+COUNTIFS('Sprint Backlog'!$G$4:$G$32,"Both",'Sprint Backlog'!$B$4:$B$32,B13) -> 8 | K13: =IF(H13>$B$8,"Over-allocated",IF(H13>=$B$7,"On target","Has buffer")) -> On target
A14: Nivas | B14: Sprint 2 | C14: =$B$5*$B$6 -> 30 | D14: =C14*$B$7 -> 24 | E14: =SUMIFS('Sprint Backlog'!$J$4:$J$32,'Sprint Backlog'!$G$4:$G$32,A14,'Sprint Backlog'!$B$4:$B$32,B14) -> 19 | F14: =SUMIFS('Sprint Backlog'!$J$4:$J$32,'Sprint Backlog'!$G$4:$G$32,"Both",'Sprint Backlog'!$B$4:$B$32,B14) -> 5.25 | G14: =E14+F14 -> 24.25 | H14: =IF(C14=0,0,G14/C14) -> 0.80833333 | I14: =C14-G14 -> 5.75 | J14: =COUNTIFS('Sprint Backlog'!$G$4:$G$32,A14,'Sprint Backlog'!$B$4:$B$32,B14)+COUNTIFS('Sprint Backlog'!$G$4:$G$32,"Both",'Sprint Backlog'!$B$4:$B$32,B14) -> 9 | K14: =IF(H14>$B$8,"Over-allocated",IF(H14>=$B$7,"On target","Has buffer")) -> On target
A15: Total (both developers) | B15: Sprints 1–2 | C15: =SUM(C11:C14) -> 120 | D15: =SUM(D11:D14) -> 96 | E15: =SUM(E11:E14) -> 75 | F15: =SUM(F11:F14) -> 25 | G15: =SUM(G11:G14) -> 100 | H15: =IF(C15=0,0,G15/C15) -> 0.83333333 | I15: =SUM(I11:I14) -> 20 | J15: =SUM(J11:J14) -> 36 | K15: =IF(H15>$B$8,"Over-allocated",IF(H15>=$B$7,"On target","Has buffer")) -> On target
A17: Check: person-hours in backlog minus planned (should be 0) | G17: =SUMIFS('Sprint Backlog'!$J$4:$J$32,'Sprint Backlog'!$G$4:$G$32,"Krishna")+SUMIFS('Sprint Backlog'!$J$4:$J$32,'Sprint Backlog'!$G$4:$G$32,"Nivas")+SUMIFS('Sprint Backlog'!$J$4:$J$32,'Sprint Backlog'!$G$4:$G$32,"Both")+SUMIFS('Sprint Backlog'!$J$4:$J$32,'Sprint Backlog'!$G$4:$G$32,"Both")-G15 -> 0
A18: Note: daily stand-ups (1.25 h), planning (2 h) and review/retro (2 h) are included as "Both" tasks, so ~5 h of each sprint goes to ceremonies.
